-- =============================================
-- V44: Seed Realistic Production Data
-- =============================================

-- Users
INSERT INTO users (id, first_name, last_name, email, password, active, email_verified) VALUES
  ('56c1d68d-3736-4da6-81e4-c4131c2fbc56', 'Barbara', 'Williams', 'barbara.williams0@nexushr.com', '$2a$10$L/fBt.HrQGkU78AWgoTM/OlPkUJbRjQ4BVlxTxiB/Uaid2.9j5SOq', TRUE, TRUE),
  ('26727353-4a92-4e24-aabd-380898ea1c75', 'David', 'Moore', 'david.moore1@nexushr.com', '$2a$10$L/fBt.HrQGkU78AWgoTM/OlPkUJbRjQ4BVlxTxiB/Uaid2.9j5SOq', TRUE, TRUE),
  ('0b1bf502-f96a-4e07-a215-7315b3d839e6', 'Joseph', 'Thomas', 'joseph.thomas2@nexushr.com', '$2a$10$L/fBt.HrQGkU78AWgoTM/OlPkUJbRjQ4BVlxTxiB/Uaid2.9j5SOq', TRUE, TRUE),
  ('7580c43f-4b08-4f8f-af21-e882a379f40f', 'Patricia', 'Anderson', 'patricia.anderson3@nexushr.com', '$2a$10$L/fBt.HrQGkU78AWgoTM/OlPkUJbRjQ4BVlxTxiB/Uaid2.9j5SOq', TRUE, TRUE),
  ('550e3219-bf16-4f47-9c89-fc9ae511d7cf', 'Patricia', 'Perez', 'patricia.perez4@nexushr.com', '$2a$10$L/fBt.HrQGkU78AWgoTM/OlPkUJbRjQ4BVlxTxiB/Uaid2.9j5SOq', TRUE, TRUE),
  ('3afbbf5d-d57c-417e-8a39-683460519dd1', 'Matthew', 'Lee', 'matthew.lee5@nexushr.com', '$2a$10$L/fBt.HrQGkU78AWgoTM/OlPkUJbRjQ4BVlxTxiB/Uaid2.9j5SOq', TRUE, TRUE),
  ('b7b87118-e440-4771-9a14-9c8f22e138c2', 'David', 'Ramirez', 'david.ramirez6@nexushr.com', '$2a$10$L/fBt.HrQGkU78AWgoTM/OlPkUJbRjQ4BVlxTxiB/Uaid2.9j5SOq', TRUE, TRUE),
  ('73da02f7-b71a-43cf-8b04-4276c3169b68', 'Margaret', 'Taylor', 'margaret.taylor7@nexushr.com', '$2a$10$L/fBt.HrQGkU78AWgoTM/OlPkUJbRjQ4BVlxTxiB/Uaid2.9j5SOq', TRUE, TRUE),
  ('ff280867-9bef-4676-b65c-8684e948c031', 'Jessica', 'Anderson', 'jessica.anderson8@nexushr.com', '$2a$10$L/fBt.HrQGkU78AWgoTM/OlPkUJbRjQ4BVlxTxiB/Uaid2.9j5SOq', TRUE, TRUE),
  ('84f998da-25fe-44bd-af7f-2f88d395c5c8', 'Sarah', 'Hernandez', 'sarah.hernandez9@nexushr.com', '$2a$10$L/fBt.HrQGkU78AWgoTM/OlPkUJbRjQ4BVlxTxiB/Uaid2.9j5SOq', TRUE, TRUE),
  ('381b95c4-8891-4657-948f-1b76a794f1e1', 'James', 'Moore', 'james.moore10@nexushr.com', '$2a$10$L/fBt.HrQGkU78AWgoTM/OlPkUJbRjQ4BVlxTxiB/Uaid2.9j5SOq', TRUE, TRUE),
  ('ac548201-dd17-4539-8e1c-c06edb515b0e', 'Mary', 'Thomas', 'mary.thomas11@nexushr.com', '$2a$10$L/fBt.HrQGkU78AWgoTM/OlPkUJbRjQ4BVlxTxiB/Uaid2.9j5SOq', TRUE, TRUE),
  ('7dcb02f8-2367-42c7-9520-28cdbdd57722', 'James', 'Miller', 'james.miller12@nexushr.com', '$2a$10$L/fBt.HrQGkU78AWgoTM/OlPkUJbRjQ4BVlxTxiB/Uaid2.9j5SOq', TRUE, TRUE),
  ('0b904299-72fe-40e6-917e-67e50fc6427c', 'Lisa', 'Moore', 'lisa.moore13@nexushr.com', '$2a$10$L/fBt.HrQGkU78AWgoTM/OlPkUJbRjQ4BVlxTxiB/Uaid2.9j5SOq', TRUE, TRUE),
  ('096da436-d0e0-4234-a4c4-186b6b3e3a00', 'Matthew', 'Jackson', 'matthew.jackson14@nexushr.com', '$2a$10$L/fBt.HrQGkU78AWgoTM/OlPkUJbRjQ4BVlxTxiB/Uaid2.9j5SOq', TRUE, TRUE),
  ('bb1a43af-2ced-47f5-989a-386ea879596b', 'Elizabeth', 'Smith', 'elizabeth.smith15@nexushr.com', '$2a$10$L/fBt.HrQGkU78AWgoTM/OlPkUJbRjQ4BVlxTxiB/Uaid2.9j5SOq', TRUE, TRUE),
  ('925bfe36-60da-4009-992e-4f98db6363ac', 'Jessica', 'Sanchez', 'jessica.sanchez16@nexushr.com', '$2a$10$L/fBt.HrQGkU78AWgoTM/OlPkUJbRjQ4BVlxTxiB/Uaid2.9j5SOq', TRUE, TRUE),
  ('5d773758-ffcf-45ba-9c50-248b1aae12a0', 'Jessica', 'Johnson', 'jessica.johnson17@nexushr.com', '$2a$10$L/fBt.HrQGkU78AWgoTM/OlPkUJbRjQ4BVlxTxiB/Uaid2.9j5SOq', TRUE, TRUE),
  ('0a4b39c5-b02b-43c0-9761-22b038eea6a2', 'Patricia', 'Smith', 'patricia.smith18@nexushr.com', '$2a$10$L/fBt.HrQGkU78AWgoTM/OlPkUJbRjQ4BVlxTxiB/Uaid2.9j5SOq', TRUE, TRUE),
  ('fc05ecc1-4760-4328-b49b-cedbf7645475', 'Karen', 'Smith', 'karen.smith19@nexushr.com', '$2a$10$L/fBt.HrQGkU78AWgoTM/OlPkUJbRjQ4BVlxTxiB/Uaid2.9j5SOq', TRUE, TRUE),
  ('016921e7-d465-4ae6-80cf-6fc3ff770f13', 'Lisa', 'Martin', 'lisa.martin20@nexushr.com', '$2a$10$L/fBt.HrQGkU78AWgoTM/OlPkUJbRjQ4BVlxTxiB/Uaid2.9j5SOq', TRUE, TRUE),
  ('3dcdaaab-b176-443e-ba15-5bb6b8f9b0d7', 'Betty', 'Hernandez', 'betty.hernandez21@nexushr.com', '$2a$10$L/fBt.HrQGkU78AWgoTM/OlPkUJbRjQ4BVlxTxiB/Uaid2.9j5SOq', TRUE, TRUE),
  ('605e337a-b6d1-4552-9e5e-4f62d7d6328f', 'William', 'Jackson', 'william.jackson22@nexushr.com', '$2a$10$L/fBt.HrQGkU78AWgoTM/OlPkUJbRjQ4BVlxTxiB/Uaid2.9j5SOq', TRUE, TRUE),
  ('78770a36-54a3-4197-9e66-f6a9264b22e2', 'William', 'Martinez', 'william.martinez23@nexushr.com', '$2a$10$L/fBt.HrQGkU78AWgoTM/OlPkUJbRjQ4BVlxTxiB/Uaid2.9j5SOq', TRUE, TRUE),
  ('81828100-509a-4417-b734-fc824cdcee24', 'John', 'Smith', 'john.smith24@nexushr.com', '$2a$10$L/fBt.HrQGkU78AWgoTM/OlPkUJbRjQ4BVlxTxiB/Uaid2.9j5SOq', TRUE, TRUE),
  ('8049030f-806b-4969-9c38-62ec0323b50c', 'Jennifer', 'Rodriguez', 'jennifer.rodriguez25@nexushr.com', '$2a$10$L/fBt.HrQGkU78AWgoTM/OlPkUJbRjQ4BVlxTxiB/Uaid2.9j5SOq', TRUE, TRUE),
  ('da0165b5-d8d4-43bd-a348-4a5af9923e47', 'Patricia', 'Johnson', 'patricia.johnson26@nexushr.com', '$2a$10$L/fBt.HrQGkU78AWgoTM/OlPkUJbRjQ4BVlxTxiB/Uaid2.9j5SOq', TRUE, TRUE),
  ('f990eb02-fc7b-4682-891b-ffd778f545fb', 'Sandra', 'Ramirez', 'sandra.ramirez27@nexushr.com', '$2a$10$L/fBt.HrQGkU78AWgoTM/OlPkUJbRjQ4BVlxTxiB/Uaid2.9j5SOq', TRUE, TRUE),
  ('67fa4d39-04d2-468c-b794-57731bb11606', 'Joseph', 'Jackson', 'joseph.jackson28@nexushr.com', '$2a$10$L/fBt.HrQGkU78AWgoTM/OlPkUJbRjQ4BVlxTxiB/Uaid2.9j5SOq', TRUE, TRUE),
  ('af2719e7-d250-438e-93fe-842fbb6c197c', 'Elizabeth', 'Rodriguez', 'elizabeth.rodriguez29@nexushr.com', '$2a$10$L/fBt.HrQGkU78AWgoTM/OlPkUJbRjQ4BVlxTxiB/Uaid2.9j5SOq', TRUE, TRUE);

-- User Roles
INSERT INTO user_roles (user_id, role_id, assigned_at)
  SELECT u.id, r.id, NOW() FROM users u CROSS JOIN roles r WHERE u.email = 'barbara.williams0@nexushr.com' AND r.name = 'ROLE_SUPER_ADMIN';

INSERT INTO user_roles (user_id, role_id, assigned_at)
  SELECT u.id, r.id, NOW() FROM users u CROSS JOIN roles r WHERE u.email = 'david.moore1@nexushr.com' AND r.name = 'ROLE_FINANCE_MANAGER';

INSERT INTO user_roles (user_id, role_id, assigned_at)
  SELECT u.id, r.id, NOW() FROM users u CROSS JOIN roles r WHERE u.email = 'joseph.thomas2@nexushr.com' AND r.name = 'ROLE_HR_DIRECTOR';

INSERT INTO user_roles (user_id, role_id, assigned_at)
  SELECT u.id, r.id, NOW() FROM users u CROSS JOIN roles r WHERE u.email = 'patricia.anderson3@nexushr.com' AND r.name = 'ROLE_DEPARTMENT_MANAGER';

INSERT INTO user_roles (user_id, role_id, assigned_at)
  SELECT u.id, r.id, NOW() FROM users u CROSS JOIN roles r WHERE u.email = 'patricia.perez4@nexushr.com' AND r.name = 'ROLE_TEAM_LEAD';

INSERT INTO user_roles (user_id, role_id, assigned_at)
  SELECT u.id, r.id, NOW() FROM users u CROSS JOIN roles r WHERE u.email IN (
    'matthew.lee5@nexushr.com',
    'david.ramirez6@nexushr.com',
    'margaret.taylor7@nexushr.com',
    'jessica.anderson8@nexushr.com',
    'sarah.hernandez9@nexushr.com',
    'james.moore10@nexushr.com',
    'mary.thomas11@nexushr.com',
    'james.miller12@nexushr.com',
    'lisa.moore13@nexushr.com',
    'matthew.jackson14@nexushr.com',
    'elizabeth.smith15@nexushr.com',
    'jessica.sanchez16@nexushr.com',
    'jessica.johnson17@nexushr.com',
    'patricia.smith18@nexushr.com',
    'karen.smith19@nexushr.com',
    'lisa.martin20@nexushr.com',
    'betty.hernandez21@nexushr.com',
    'william.jackson22@nexushr.com',
    'william.martinez23@nexushr.com',
    'john.smith24@nexushr.com',
    'jennifer.rodriguez25@nexushr.com',
    'patricia.johnson26@nexushr.com',
    'sandra.ramirez27@nexushr.com',
    'joseph.jackson28@nexushr.com',
    'elizabeth.rodriguez29@nexushr.com'
  ) AND r.name = 'ROLE_EMPLOYEE';

-- Employees
INSERT INTO employees (id, employee_id, user_id, first_name, last_name, email, phone, date_of_birth, gender, department_id, designation, salary, joining_date, status) VALUES
  ('982d32a4-e958-4f7c-97b8-f4e4ed28ada9', 'NHR-2000', '56c1d68d-3736-4da6-81e4-c4131c2fbc56', 'Barbara', 'Williams', 'barbara.williams0@nexushr.com', '+1-555-01950', '1989-05-21', 'MALE', 'd1000001-0000-0000-0000-000000000001', 'DevOps Engineer', 96744, '2023-04-14', 'ACTIVE'),
  ('70ced3ad-ce73-438a-99ea-28b70dfc3ce4', 'NHR-2001', '26727353-4a92-4e24-aabd-380898ea1c75', 'David', 'Moore', 'david.moore1@nexushr.com', '+1-555-01528', '1977-05-15', 'MALE', 'd1000001-0000-0000-0000-000000000003', 'Payroll Specialist', 91564, '2021-10-30', 'ACTIVE'),
  ('3f6f4029-9b17-4d4e-88ab-2a6618ac0432', 'NHR-2002', '0b1bf502-f96a-4e07-a215-7315b3d839e6', 'Joseph', 'Thomas', 'joseph.thomas2@nexushr.com', '+1-555-01711', '1977-11-19', 'MALE', 'd1000001-0000-0000-0000-000000000005', 'Account Executive', 126315, '2021-09-02', 'ACTIVE'),
  ('78bf1b01-331c-4c9a-9db1-5a83df983bd3', 'NHR-2003', '7580c43f-4b08-4f8f-af21-e882a379f40f', 'Patricia', 'Anderson', 'patricia.anderson3@nexushr.com', '+1-555-01173', '1992-08-16', 'FEMALE', 'd1000001-0000-0000-0000-000000000003', 'Payroll Specialist', 135559, '2024-01-26', 'ACTIVE'),
  ('9db2b9a9-69e1-4555-bf03-9efebb336186', 'NHR-2004', '550e3219-bf16-4f47-9c89-fc9ae511d7cf', 'Patricia', 'Perez', 'patricia.perez4@nexushr.com', '+1-555-01465', '1999-09-28', 'FEMALE', 'd1000001-0000-0000-0000-000000000001', 'DevOps Engineer', 127344, '2024-03-18', 'ACTIVE'),
  ('94556954-32cb-45ce-a2e0-fe48d61728eb', 'NHR-2005', '3afbbf5d-d57c-417e-8a39-683460519dd1', 'Matthew', 'Lee', 'matthew.lee5@nexushr.com', '+1-555-01104', '1981-04-19', 'FEMALE', 'd1000001-0000-0000-0000-000000000003', 'Financial Analyst', 101121, '2024-02-18', 'ACTIVE'),
  ('df1be306-2c28-4f6c-841a-fc14fd5a6a94', 'NHR-2006', 'b7b87118-e440-4771-9a14-9c8f22e138c2', 'David', 'Ramirez', 'david.ramirez6@nexushr.com', '+1-555-01573', '1990-03-19', 'MALE', 'd1000001-0000-0000-0000-000000000004', 'Content Strategist', 85420, '2021-04-13', 'ACTIVE'),
  ('daaefa99-5e17-448e-a46f-a644059f227d', 'NHR-2007', '73da02f7-b71a-43cf-8b04-4276c3169b68', 'Margaret', 'Taylor', 'margaret.taylor7@nexushr.com', '+1-555-01443', '1985-04-14', 'MALE', 'd1000001-0000-0000-0000-000000000005', 'Account Executive', 92739, '2024-02-13', 'ACTIVE'),
  ('d92d698a-a88f-4eef-a0ab-1d20ceee5d5c', 'NHR-2008', 'ff280867-9bef-4676-b65c-8684e948c031', 'Jessica', 'Anderson', 'jessica.anderson8@nexushr.com', '+1-555-01851', '1992-01-23', 'FEMALE', 'd1000001-0000-0000-0000-000000000005', 'Sales Development Rep', 63913, '2024-01-22', 'ACTIVE'),
  ('0069fb17-9f1b-4942-b537-6f1904adc8b5', 'NHR-2009', '84f998da-25fe-44bd-af7f-2f88d395c5c8', 'Sarah', 'Hernandez', 'sarah.hernandez9@nexushr.com', '+1-555-01946', '1987-04-23', 'FEMALE', 'd1000001-0000-0000-0000-000000000001', 'DevOps Engineer', 80199, '2023-01-01', 'ACTIVE'),
  ('2723534e-4b24-4e02-950f-770d0ff67e26', 'NHR-2010', '381b95c4-8891-4657-948f-1b76a794f1e1', 'James', 'Moore', 'james.moore10@nexushr.com', '+1-555-01330', '1980-03-28', 'MALE', 'd1000001-0000-0000-0000-000000000004', 'Growth Marketer', 110968, '2023-05-24', 'ACTIVE'),
  ('a1ec5ee4-40c4-4fac-a4ae-beb62da8d5b6', 'NHR-2011', 'ac548201-dd17-4539-8e1c-c06edb515b0e', 'Mary', 'Thomas', 'mary.thomas11@nexushr.com', '+1-555-01979', '1988-07-28', 'FEMALE', 'd1000001-0000-0000-0000-000000000002', 'Recruiter', 128111, '2022-12-12', 'ACTIVE'),
  ('502e72b1-10f2-4767-8e6c-70255c9c1427', 'NHR-2012', '7dcb02f8-2367-42c7-9520-28cdbdd57722', 'James', 'Miller', 'james.miller12@nexushr.com', '+1-555-01616', '1979-08-27', 'MALE', 'd1000001-0000-0000-0000-000000000004', 'Social Media Manager', 81001, '2024-03-04', 'ACTIVE'),
  ('e04b0f33-c3e4-4410-b70d-c3f5e91f900a', 'NHR-2013', '0b904299-72fe-40e6-917e-67e50fc6427c', 'Lisa', 'Moore', 'lisa.moore13@nexushr.com', '+1-555-01107', '1979-08-09', 'FEMALE', 'd1000001-0000-0000-0000-000000000004', 'Growth Marketer', 65619, '2023-01-12', 'ACTIVE'),
  ('088231ab-f9bd-4792-8bce-cb79e17f998a', 'NHR-2014', '096da436-d0e0-4234-a4c4-186b6b3e3a00', 'Matthew', 'Jackson', 'matthew.jackson14@nexushr.com', '+1-555-01284', '1977-05-26', 'FEMALE', 'd1000001-0000-0000-0000-000000000002', 'HR Generalist', 67494, '2023-02-18', 'ACTIVE'),
  ('efb3a18f-4c24-4990-acef-b7a0fcfc19a7', 'NHR-2015', 'bb1a43af-2ced-47f5-989a-386ea879596b', 'Elizabeth', 'Smith', 'elizabeth.smith15@nexushr.com', '+1-555-01663', '1996-12-08', 'MALE', 'd1000001-0000-0000-0000-000000000001', 'Frontend Developer', 61139, '2021-12-22', 'ACTIVE'),
  ('e75b8fb7-c343-4ffd-a2d7-3d813967abe4', 'NHR-2016', '925bfe36-60da-4009-992e-4f98db6363ac', 'Jessica', 'Sanchez', 'jessica.sanchez16@nexushr.com', '+1-555-01487', '1991-11-28', 'FEMALE', 'd1000001-0000-0000-0000-000000000001', 'QA Automation Engineer', 130039, '2023-03-27', 'ACTIVE'),
  ('fbff69c8-9cb7-4164-97df-b2aaadafa59b', 'NHR-2017', '5d773758-ffcf-45ba-9c50-248b1aae12a0', 'Jessica', 'Johnson', 'jessica.johnson17@nexushr.com', '+1-555-01664', '1976-12-16', 'FEMALE', 'd1000001-0000-0000-0000-000000000005', 'Sales Development Rep', 97021, '2023-09-10', 'ACTIVE'),
  ('b0b8ea98-acd3-4dea-aca7-ee4d8876e44e', 'NHR-2018', '0a4b39c5-b02b-43c0-9761-22b038eea6a2', 'Patricia', 'Smith', 'patricia.smith18@nexushr.com', '+1-555-01357', '1983-10-24', 'MALE', 'd1000001-0000-0000-0000-000000000001', 'QA Automation Engineer', 115508, '2023-03-14', 'ACTIVE'),
  ('c23384c2-de5a-424e-b874-d4f7e0943ccb', 'NHR-2019', 'fc05ecc1-4760-4328-b49b-cedbf7645475', 'Karen', 'Smith', 'karen.smith19@nexushr.com', '+1-555-01565', '1975-01-30', 'MALE', 'd1000001-0000-0000-0000-000000000001', 'DevOps Engineer', 63949, '2022-06-22', 'ACTIVE'),
  ('35f1b02b-4142-493e-b3a5-040947449893', 'NHR-2020', '016921e7-d465-4ae6-80cf-6fc3ff770f13', 'Lisa', 'Martin', 'lisa.martin20@nexushr.com', '+1-555-01514', '1994-04-16', 'FEMALE', 'd1000001-0000-0000-0000-000000000004', 'Growth Marketer', 119217, '2023-05-21', 'ACTIVE'),
  ('20a414bf-4225-4d74-9cd8-647a2d00edb9', 'NHR-2021', '3dcdaaab-b176-443e-ba15-5bb6b8f9b0d7', 'Betty', 'Hernandez', 'betty.hernandez21@nexushr.com', '+1-555-01791', '1990-02-10', 'FEMALE', 'd1000001-0000-0000-0000-000000000001', 'Frontend Developer', 67747, '2021-04-14', 'ACTIVE'),
  ('60e697f4-abd8-4d61-a0d2-65ea32929500', 'NHR-2022', '605e337a-b6d1-4552-9e5e-4f62d7d6328f', 'William', 'Jackson', 'william.jackson22@nexushr.com', '+1-555-01714', '1976-11-13', 'MALE', 'd1000001-0000-0000-0000-000000000004', 'Growth Marketer', 135398, '2021-09-08', 'ACTIVE'),
  ('e76d6d61-d264-421a-86d2-1888d6c62540', 'NHR-2023', '78770a36-54a3-4197-9e66-f6a9264b22e2', 'William', 'Martinez', 'william.martinez23@nexushr.com', '+1-555-01110', '1996-08-18', 'MALE', 'd1000001-0000-0000-0000-000000000002', 'Recruiter', 124870, '2023-09-21', 'ACTIVE'),
  ('058dc335-2961-4c62-b941-e2baa0a306f2', 'NHR-2024', '81828100-509a-4417-b734-fc824cdcee24', 'John', 'Smith', 'john.smith24@nexushr.com', '+1-555-01627', '1987-03-26', 'FEMALE', 'd1000001-0000-0000-0000-000000000004', 'Growth Marketer', 108274, '2022-05-04', 'ACTIVE'),
  ('713e5249-cb6a-4004-b78c-3aa37c9e338b', 'NHR-2025', '8049030f-806b-4969-9c38-62ec0323b50c', 'Jennifer', 'Rodriguez', 'jennifer.rodriguez25@nexushr.com', '+1-555-01838', '1980-03-15', 'FEMALE', 'd1000001-0000-0000-0000-000000000003', 'Accountant', 105021, '2021-03-20', 'ACTIVE'),
  ('c4a11e02-dec4-4fa1-bb07-12f2cbb39a31', 'NHR-2026', 'da0165b5-d8d4-43bd-a348-4a5af9923e47', 'Patricia', 'Johnson', 'patricia.johnson26@nexushr.com', '+1-555-01103', '1981-06-09', 'FEMALE', 'd1000001-0000-0000-0000-000000000001', 'QA Automation Engineer', 100311, '2022-05-09', 'ACTIVE'),
  ('99c0fcd4-c062-4869-9b1d-d74d3c9d65ac', 'NHR-2027', 'f990eb02-fc7b-4682-891b-ffd778f545fb', 'Sandra', 'Ramirez', 'sandra.ramirez27@nexushr.com', '+1-555-01219', '1987-12-02', 'MALE', 'd1000001-0000-0000-0000-000000000003', 'Financial Analyst', 64788, '2024-04-11', 'ACTIVE'),
  ('9b968d62-b39f-4bbd-a59a-ee1431486ec9', 'NHR-2028', '67fa4d39-04d2-468c-b794-57731bb11606', 'Joseph', 'Jackson', 'joseph.jackson28@nexushr.com', '+1-555-01918', '1986-10-19', 'MALE', 'd1000001-0000-0000-0000-000000000003', 'Financial Analyst', 86913, '2023-06-02', 'ACTIVE'),
  ('6e7bfa11-44f9-4ac8-a2bb-a25db0630270', 'NHR-2029', 'af2719e7-d250-438e-93fe-842fbb6c197c', 'Elizabeth', 'Rodriguez', 'elizabeth.rodriguez29@nexushr.com', '+1-555-01297', '1978-01-14', 'FEMALE', 'd1000001-0000-0000-0000-000000000004', 'Social Media Manager', 134724, '2021-10-13', 'ACTIVE');
SELECT setval('employee_id_seq', 2030);

-- Leave Balances
INSERT INTO leave_balances (employee_id, leave_type, year, total_days, used_days)
VALUES
  ('982d32a4-e958-4f7c-97b8-f4e4ed28ada9', 'CASUAL_LEAVE', 2026, 12, 4),
  ('982d32a4-e958-4f7c-97b8-f4e4ed28ada9', 'SICK_LEAVE', 2026, 10, 0),
  ('982d32a4-e958-4f7c-97b8-f4e4ed28ada9', 'EARNED_LEAVE', 2026, 15, 0),
  ('70ced3ad-ce73-438a-99ea-28b70dfc3ce4', 'CASUAL_LEAVE', 2026, 12, 4),
  ('70ced3ad-ce73-438a-99ea-28b70dfc3ce4', 'SICK_LEAVE', 2026, 10, 0),
  ('70ced3ad-ce73-438a-99ea-28b70dfc3ce4', 'EARNED_LEAVE', 2026, 15, 0),
  ('3f6f4029-9b17-4d4e-88ab-2a6618ac0432', 'CASUAL_LEAVE', 2026, 12, 6),
  ('3f6f4029-9b17-4d4e-88ab-2a6618ac0432', 'SICK_LEAVE', 2026, 10, 2),
  ('3f6f4029-9b17-4d4e-88ab-2a6618ac0432', 'EARNED_LEAVE', 2026, 15, 0),
  ('78bf1b01-331c-4c9a-9db1-5a83df983bd3', 'CASUAL_LEAVE', 2026, 12, 2),
  ('78bf1b01-331c-4c9a-9db1-5a83df983bd3', 'SICK_LEAVE', 2026, 10, 0),
  ('78bf1b01-331c-4c9a-9db1-5a83df983bd3', 'EARNED_LEAVE', 2026, 15, 0),
  ('9db2b9a9-69e1-4555-bf03-9efebb336186', 'CASUAL_LEAVE', 2026, 12, 2),
  ('9db2b9a9-69e1-4555-bf03-9efebb336186', 'SICK_LEAVE', 2026, 10, 2),
  ('9db2b9a9-69e1-4555-bf03-9efebb336186', 'EARNED_LEAVE', 2026, 15, 0),
  ('94556954-32cb-45ce-a2e0-fe48d61728eb', 'CASUAL_LEAVE', 2026, 12, 5),
  ('94556954-32cb-45ce-a2e0-fe48d61728eb', 'SICK_LEAVE', 2026, 10, 0),
  ('94556954-32cb-45ce-a2e0-fe48d61728eb', 'EARNED_LEAVE', 2026, 15, 0),
  ('df1be306-2c28-4f6c-841a-fc14fd5a6a94', 'CASUAL_LEAVE', 2026, 12, 3),
  ('df1be306-2c28-4f6c-841a-fc14fd5a6a94', 'SICK_LEAVE', 2026, 10, 4),
  ('df1be306-2c28-4f6c-841a-fc14fd5a6a94', 'EARNED_LEAVE', 2026, 15, 0),
  ('daaefa99-5e17-448e-a46f-a644059f227d', 'CASUAL_LEAVE', 2026, 12, 2),
  ('daaefa99-5e17-448e-a46f-a644059f227d', 'SICK_LEAVE', 2026, 10, 4),
  ('daaefa99-5e17-448e-a46f-a644059f227d', 'EARNED_LEAVE', 2026, 15, 0),
  ('d92d698a-a88f-4eef-a0ab-1d20ceee5d5c', 'CASUAL_LEAVE', 2026, 12, 1),
  ('d92d698a-a88f-4eef-a0ab-1d20ceee5d5c', 'SICK_LEAVE', 2026, 10, 4),
  ('d92d698a-a88f-4eef-a0ab-1d20ceee5d5c', 'EARNED_LEAVE', 2026, 15, 0),
  ('0069fb17-9f1b-4942-b537-6f1904adc8b5', 'CASUAL_LEAVE', 2026, 12, 1),
  ('0069fb17-9f1b-4942-b537-6f1904adc8b5', 'SICK_LEAVE', 2026, 10, 4),
  ('0069fb17-9f1b-4942-b537-6f1904adc8b5', 'EARNED_LEAVE', 2026, 15, 0),
  ('2723534e-4b24-4e02-950f-770d0ff67e26', 'CASUAL_LEAVE', 2026, 12, 3),
  ('2723534e-4b24-4e02-950f-770d0ff67e26', 'SICK_LEAVE', 2026, 10, 0),
  ('2723534e-4b24-4e02-950f-770d0ff67e26', 'EARNED_LEAVE', 2026, 15, 0),
  ('a1ec5ee4-40c4-4fac-a4ae-beb62da8d5b6', 'CASUAL_LEAVE', 2026, 12, 5),
  ('a1ec5ee4-40c4-4fac-a4ae-beb62da8d5b6', 'SICK_LEAVE', 2026, 10, 3),
  ('a1ec5ee4-40c4-4fac-a4ae-beb62da8d5b6', 'EARNED_LEAVE', 2026, 15, 0),
  ('502e72b1-10f2-4767-8e6c-70255c9c1427', 'CASUAL_LEAVE', 2026, 12, 7),
  ('502e72b1-10f2-4767-8e6c-70255c9c1427', 'SICK_LEAVE', 2026, 10, 4),
  ('502e72b1-10f2-4767-8e6c-70255c9c1427', 'EARNED_LEAVE', 2026, 15, 0),
  ('e04b0f33-c3e4-4410-b70d-c3f5e91f900a', 'CASUAL_LEAVE', 2026, 12, 2),
  ('e04b0f33-c3e4-4410-b70d-c3f5e91f900a', 'SICK_LEAVE', 2026, 10, 0),
  ('e04b0f33-c3e4-4410-b70d-c3f5e91f900a', 'EARNED_LEAVE', 2026, 15, 0),
  ('088231ab-f9bd-4792-8bce-cb79e17f998a', 'CASUAL_LEAVE', 2026, 12, 1),
  ('088231ab-f9bd-4792-8bce-cb79e17f998a', 'SICK_LEAVE', 2026, 10, 1),
  ('088231ab-f9bd-4792-8bce-cb79e17f998a', 'EARNED_LEAVE', 2026, 15, 0),
  ('efb3a18f-4c24-4990-acef-b7a0fcfc19a7', 'CASUAL_LEAVE', 2026, 12, 2),
  ('efb3a18f-4c24-4990-acef-b7a0fcfc19a7', 'SICK_LEAVE', 2026, 10, 1),
  ('efb3a18f-4c24-4990-acef-b7a0fcfc19a7', 'EARNED_LEAVE', 2026, 15, 0),
  ('e75b8fb7-c343-4ffd-a2d7-3d813967abe4', 'CASUAL_LEAVE', 2026, 12, 5),
  ('e75b8fb7-c343-4ffd-a2d7-3d813967abe4', 'SICK_LEAVE', 2026, 10, 1),
  ('e75b8fb7-c343-4ffd-a2d7-3d813967abe4', 'EARNED_LEAVE', 2026, 15, 0),
  ('fbff69c8-9cb7-4164-97df-b2aaadafa59b', 'CASUAL_LEAVE', 2026, 12, 5),
  ('fbff69c8-9cb7-4164-97df-b2aaadafa59b', 'SICK_LEAVE', 2026, 10, 1),
  ('fbff69c8-9cb7-4164-97df-b2aaadafa59b', 'EARNED_LEAVE', 2026, 15, 0),
  ('b0b8ea98-acd3-4dea-aca7-ee4d8876e44e', 'CASUAL_LEAVE', 2026, 12, 0),
  ('b0b8ea98-acd3-4dea-aca7-ee4d8876e44e', 'SICK_LEAVE', 2026, 10, 1),
  ('b0b8ea98-acd3-4dea-aca7-ee4d8876e44e', 'EARNED_LEAVE', 2026, 15, 0),
  ('c23384c2-de5a-424e-b874-d4f7e0943ccb', 'CASUAL_LEAVE', 2026, 12, 1),
  ('c23384c2-de5a-424e-b874-d4f7e0943ccb', 'SICK_LEAVE', 2026, 10, 3),
  ('c23384c2-de5a-424e-b874-d4f7e0943ccb', 'EARNED_LEAVE', 2026, 15, 0),
  ('35f1b02b-4142-493e-b3a5-040947449893', 'CASUAL_LEAVE', 2026, 12, 3),
  ('35f1b02b-4142-493e-b3a5-040947449893', 'SICK_LEAVE', 2026, 10, 0),
  ('35f1b02b-4142-493e-b3a5-040947449893', 'EARNED_LEAVE', 2026, 15, 0),
  ('20a414bf-4225-4d74-9cd8-647a2d00edb9', 'CASUAL_LEAVE', 2026, 12, 7),
  ('20a414bf-4225-4d74-9cd8-647a2d00edb9', 'SICK_LEAVE', 2026, 10, 1),
  ('20a414bf-4225-4d74-9cd8-647a2d00edb9', 'EARNED_LEAVE', 2026, 15, 0),
  ('60e697f4-abd8-4d61-a0d2-65ea32929500', 'CASUAL_LEAVE', 2026, 12, 5),
  ('60e697f4-abd8-4d61-a0d2-65ea32929500', 'SICK_LEAVE', 2026, 10, 1),
  ('60e697f4-abd8-4d61-a0d2-65ea32929500', 'EARNED_LEAVE', 2026, 15, 0),
  ('e76d6d61-d264-421a-86d2-1888d6c62540', 'CASUAL_LEAVE', 2026, 12, 2),
  ('e76d6d61-d264-421a-86d2-1888d6c62540', 'SICK_LEAVE', 2026, 10, 2),
  ('e76d6d61-d264-421a-86d2-1888d6c62540', 'EARNED_LEAVE', 2026, 15, 0),
  ('058dc335-2961-4c62-b941-e2baa0a306f2', 'CASUAL_LEAVE', 2026, 12, 5),
  ('058dc335-2961-4c62-b941-e2baa0a306f2', 'SICK_LEAVE', 2026, 10, 0),
  ('058dc335-2961-4c62-b941-e2baa0a306f2', 'EARNED_LEAVE', 2026, 15, 0),
  ('713e5249-cb6a-4004-b78c-3aa37c9e338b', 'CASUAL_LEAVE', 2026, 12, 4),
  ('713e5249-cb6a-4004-b78c-3aa37c9e338b', 'SICK_LEAVE', 2026, 10, 2),
  ('713e5249-cb6a-4004-b78c-3aa37c9e338b', 'EARNED_LEAVE', 2026, 15, 0),
  ('c4a11e02-dec4-4fa1-bb07-12f2cbb39a31', 'CASUAL_LEAVE', 2026, 12, 4),
  ('c4a11e02-dec4-4fa1-bb07-12f2cbb39a31', 'SICK_LEAVE', 2026, 10, 4),
  ('c4a11e02-dec4-4fa1-bb07-12f2cbb39a31', 'EARNED_LEAVE', 2026, 15, 0),
  ('99c0fcd4-c062-4869-9b1d-d74d3c9d65ac', 'CASUAL_LEAVE', 2026, 12, 2),
  ('99c0fcd4-c062-4869-9b1d-d74d3c9d65ac', 'SICK_LEAVE', 2026, 10, 4),
  ('99c0fcd4-c062-4869-9b1d-d74d3c9d65ac', 'EARNED_LEAVE', 2026, 15, 0),
  ('9b968d62-b39f-4bbd-a59a-ee1431486ec9', 'CASUAL_LEAVE', 2026, 12, 5),
  ('9b968d62-b39f-4bbd-a59a-ee1431486ec9', 'SICK_LEAVE', 2026, 10, 2),
  ('9b968d62-b39f-4bbd-a59a-ee1431486ec9', 'EARNED_LEAVE', 2026, 15, 0),
  ('6e7bfa11-44f9-4ac8-a2bb-a25db0630270', 'CASUAL_LEAVE', 2026, 12, 0),
  ('6e7bfa11-44f9-4ac8-a2bb-a25db0630270', 'SICK_LEAVE', 2026, 10, 3),
  ('6e7bfa11-44f9-4ac8-a2bb-a25db0630270', 'EARNED_LEAVE', 2026, 15, 0);

-- Payroll Records (Last 4 months)
INSERT INTO payroll (id, employee_id, month, year, basic_salary, other_allowances, total_deductions, net_salary, status, processed_at)
VALUES
  ('f904961a-7bc1-408b-b0ce-5a9d02caa528', '982d32a4-e958-4f7c-97b8-f4e4ed28ada9', 5, 2026, 4837.20, 3224.80, 1209.30, 6852.70, 'PAID', '2026-05-28'),
  ('a902c812-2f7f-4bd2-8bae-bdf8d395e3b6', '70ced3ad-ce73-438a-99ea-28b70dfc3ce4', 5, 2026, 4578.20, 3052.13, 1144.55, 6485.78, 'PAID', '2026-05-28'),
  ('32e825ff-ad2f-42f8-af9b-fec632d8ed94', '3f6f4029-9b17-4d4e-88ab-2a6618ac0432', 5, 2026, 6315.75, 4210.50, 1578.94, 8947.31, 'PAID', '2026-05-28'),
  ('0807fef0-42ba-474c-ac45-6706d7113f30', '78bf1b01-331c-4c9a-9db1-5a83df983bd3', 5, 2026, 6777.95, 4518.63, 1694.49, 9602.10, 'PAID', '2026-05-28'),
  ('64131f8f-1537-46c9-ac42-ef6c77123202', '9db2b9a9-69e1-4555-bf03-9efebb336186', 5, 2026, 6367.20, 4244.80, 1591.80, 9020.20, 'PAID', '2026-05-28'),
  ('0de3eeb3-e5d9-4068-91a9-eb5e5c5f3473', '94556954-32cb-45ce-a2e0-fe48d61728eb', 5, 2026, 5056.05, 3370.70, 1264.01, 7162.74, 'PAID', '2026-05-28'),
  ('811c5a31-24e4-4acc-bea5-302bd9c4a2d6', 'df1be306-2c28-4f6c-841a-fc14fd5a6a94', 5, 2026, 4271.00, 2847.33, 1067.75, 6050.58, 'PAID', '2026-05-28'),
  ('0db822fc-759b-4581-a700-71464e226b82', 'daaefa99-5e17-448e-a46f-a644059f227d', 5, 2026, 4636.95, 3091.30, 1159.24, 6569.01, 'PAID', '2026-05-28'),
  ('9f4a0a96-a342-4383-a271-187f1498cedf', 'd92d698a-a88f-4eef-a0ab-1d20ceee5d5c', 5, 2026, 3195.65, 2130.43, 798.91, 4527.17, 'PAID', '2026-05-28'),
  ('34b085e2-069f-4b9f-9d86-c8b4995f0a12', '0069fb17-9f1b-4942-b537-6f1904adc8b5', 5, 2026, 4009.95, 2673.30, 1002.49, 5680.76, 'PAID', '2026-05-28'),
  ('042a2fad-af7a-4f82-82fe-72e9c99bbdb2', '2723534e-4b24-4e02-950f-770d0ff67e26', 5, 2026, 5548.40, 3698.93, 1387.10, 7860.23, 'PAID', '2026-05-28'),
  ('f93f0838-5e29-4cf6-a25b-8ff4e00e2957', 'a1ec5ee4-40c4-4fac-a4ae-beb62da8d5b6', 5, 2026, 6405.55, 4270.37, 1601.39, 9074.53, 'PAID', '2026-05-28'),
  ('47cb0c9d-3891-4faf-9184-e474bedd9acf', '502e72b1-10f2-4767-8e6c-70255c9c1427', 5, 2026, 4050.05, 2700.03, 1012.51, 5737.57, 'PAID', '2026-05-28'),
  ('b750a1bd-8073-4175-a3e6-77e619a5d72e', 'e04b0f33-c3e4-4410-b70d-c3f5e91f900a', 5, 2026, 3280.95, 2187.30, 820.24, 4648.01, 'PAID', '2026-05-28'),
  ('0bb445ca-8a77-49be-b9fa-99f76f082a7d', '088231ab-f9bd-4792-8bce-cb79e17f998a', 5, 2026, 3374.70, 2249.80, 843.67, 4780.82, 'PAID', '2026-05-28'),
  ('10f2e58a-4c98-4a9e-99ac-02b964d82306', 'efb3a18f-4c24-4990-acef-b7a0fcfc19a7', 5, 2026, 3056.95, 2037.97, 764.24, 4330.68, 'PAID', '2026-05-28'),
  ('94a4edd0-173d-4d71-b96a-b67ab83d14d2', 'e75b8fb7-c343-4ffd-a2d7-3d813967abe4', 5, 2026, 6501.95, 4334.63, 1625.49, 9211.10, 'PAID', '2026-05-28'),
  ('aa56ce52-0ed2-4d9c-87f2-bb1a400aa325', 'fbff69c8-9cb7-4164-97df-b2aaadafa59b', 5, 2026, 4851.05, 3234.03, 1212.76, 6872.32, 'PAID', '2026-05-28'),
  ('78c12abb-5b11-45cf-a662-ca440ad631d4', 'b0b8ea98-acd3-4dea-aca7-ee4d8876e44e', 5, 2026, 5775.40, 3850.27, 1443.85, 8181.82, 'PAID', '2026-05-28'),
  ('18352ad8-6f37-46f3-8bf8-7f2462a25a19', 'c23384c2-de5a-424e-b874-d4f7e0943ccb', 5, 2026, 3197.45, 2131.63, 799.36, 4529.72, 'PAID', '2026-05-28'),
  ('578aa886-104c-45fc-bc20-c9e8d3ab8fdb', '35f1b02b-4142-493e-b3a5-040947449893', 5, 2026, 5960.85, 3973.90, 1490.21, 8444.54, 'PAID', '2026-05-28'),
  ('50e5a342-44b8-4abe-b835-7296819b5520', '20a414bf-4225-4d74-9cd8-647a2d00edb9', 5, 2026, 3387.35, 2258.23, 846.84, 4798.75, 'PAID', '2026-05-28'),
  ('cfc7dac3-7544-40df-8e35-c6003f6acde6', '60e697f4-abd8-4d61-a0d2-65ea32929500', 5, 2026, 6769.90, 4513.27, 1692.47, 9590.69, 'PAID', '2026-05-28'),
  ('4b8522fd-7192-42cc-b0d3-0efc0fbe771b', 'e76d6d61-d264-421a-86d2-1888d6c62540', 5, 2026, 6243.50, 4162.33, 1560.88, 8844.96, 'PAID', '2026-05-28'),
  ('fa848e64-1dc4-4c95-a9b4-1f7e2b307f20', '058dc335-2961-4c62-b941-e2baa0a306f2', 5, 2026, 5413.70, 3609.13, 1353.42, 7669.41, 'PAID', '2026-05-28'),
  ('25583253-9e35-4c8b-8851-37163a1eb0be', '713e5249-cb6a-4004-b78c-3aa37c9e338b', 5, 2026, 5251.05, 3500.70, 1312.76, 7438.99, 'PAID', '2026-05-28'),
  ('a5f78535-9d55-488b-8798-1c3872d0d4f3', 'c4a11e02-dec4-4fa1-bb07-12f2cbb39a31', 5, 2026, 5015.55, 3343.70, 1253.89, 7105.36, 'PAID', '2026-05-28'),
  ('62f9ec5b-ccc2-4707-92e3-2cbc7cce53b8', '99c0fcd4-c062-4869-9b1d-d74d3c9d65ac', 5, 2026, 3239.40, 2159.60, 809.85, 4589.15, 'PAID', '2026-05-28'),
  ('84a053a6-49e2-4019-8ce7-d74714bd9972', '9b968d62-b39f-4bbd-a59a-ee1431486ec9', 5, 2026, 4345.65, 2897.10, 1086.41, 6156.34, 'PAID', '2026-05-28'),
  ('4cc96cdb-786a-4520-9a5d-aca273f23d5f', '6e7bfa11-44f9-4ac8-a2bb-a25db0630270', 5, 2026, 6736.20, 4490.80, 1684.05, 9542.95, 'PAID', '2026-05-28'),
  ('6d1ec67a-1f6b-4749-99a5-5f9fcc56bec2', '982d32a4-e958-4f7c-97b8-f4e4ed28ada9', 4, 2026, 4837.20, 3224.80, 1209.30, 6852.70, 'PAID', '2026-04-28'),
  ('c805d1db-6b3a-4af0-8d4a-c2dc86b0d6de', '70ced3ad-ce73-438a-99ea-28b70dfc3ce4', 4, 2026, 4578.20, 3052.13, 1144.55, 6485.78, 'PAID', '2026-04-28'),
  ('24973edc-239c-4ba0-b44c-2dd49e620d43', '3f6f4029-9b17-4d4e-88ab-2a6618ac0432', 4, 2026, 6315.75, 4210.50, 1578.94, 8947.31, 'PAID', '2026-04-28'),
  ('b1147eee-e480-4234-bb21-60df8525d43a', '78bf1b01-331c-4c9a-9db1-5a83df983bd3', 4, 2026, 6777.95, 4518.63, 1694.49, 9602.10, 'PAID', '2026-04-28'),
  ('48922a93-d814-439d-be0e-1ecc16d2baf2', '9db2b9a9-69e1-4555-bf03-9efebb336186', 4, 2026, 6367.20, 4244.80, 1591.80, 9020.20, 'PAID', '2026-04-28'),
  ('328c50ac-bbba-4d10-903a-0e12ca7a7cdf', '94556954-32cb-45ce-a2e0-fe48d61728eb', 4, 2026, 5056.05, 3370.70, 1264.01, 7162.74, 'PAID', '2026-04-28'),
  ('a26f9acb-5269-457b-b780-f4edfa0d3727', 'df1be306-2c28-4f6c-841a-fc14fd5a6a94', 4, 2026, 4271.00, 2847.33, 1067.75, 6050.58, 'PAID', '2026-04-28'),
  ('1b28e3c9-b956-4ae4-9041-b89263239a5e', 'daaefa99-5e17-448e-a46f-a644059f227d', 4, 2026, 4636.95, 3091.30, 1159.24, 6569.01, 'PAID', '2026-04-28'),
  ('7951c5fd-3275-4467-b862-0630a38f28ec', 'd92d698a-a88f-4eef-a0ab-1d20ceee5d5c', 4, 2026, 3195.65, 2130.43, 798.91, 4527.17, 'PAID', '2026-04-28'),
  ('28bb70ac-d9d9-420d-ac7c-f58678421718', '0069fb17-9f1b-4942-b537-6f1904adc8b5', 4, 2026, 4009.95, 2673.30, 1002.49, 5680.76, 'PAID', '2026-04-28'),
  ('30ec14af-cd82-4a3f-962c-87f1257a1e7d', '2723534e-4b24-4e02-950f-770d0ff67e26', 4, 2026, 5548.40, 3698.93, 1387.10, 7860.23, 'PAID', '2026-04-28'),
  ('4a967d98-4ec2-4bdf-a0d3-4760a5f50d09', 'a1ec5ee4-40c4-4fac-a4ae-beb62da8d5b6', 4, 2026, 6405.55, 4270.37, 1601.39, 9074.53, 'PAID', '2026-04-28'),
  ('0bb02cb9-70a7-410e-b80f-7ef40d4fc411', '502e72b1-10f2-4767-8e6c-70255c9c1427', 4, 2026, 4050.05, 2700.03, 1012.51, 5737.57, 'PAID', '2026-04-28'),
  ('e831a15f-6488-4ed6-a2e4-51b7e2244b06', 'e04b0f33-c3e4-4410-b70d-c3f5e91f900a', 4, 2026, 3280.95, 2187.30, 820.24, 4648.01, 'PAID', '2026-04-28'),
  ('5976fc88-5bdf-4a67-918a-100e96d4eeea', '088231ab-f9bd-4792-8bce-cb79e17f998a', 4, 2026, 3374.70, 2249.80, 843.67, 4780.82, 'PAID', '2026-04-28'),
  ('196276f7-1719-47c5-985f-0993f38aa618', 'efb3a18f-4c24-4990-acef-b7a0fcfc19a7', 4, 2026, 3056.95, 2037.97, 764.24, 4330.68, 'PAID', '2026-04-28'),
  ('577c4161-55b5-46be-9600-de5589b0bf43', 'e75b8fb7-c343-4ffd-a2d7-3d813967abe4', 4, 2026, 6501.95, 4334.63, 1625.49, 9211.10, 'PAID', '2026-04-28'),
  ('c3505b7d-3efb-4c88-9f2d-64cafa1a0275', 'fbff69c8-9cb7-4164-97df-b2aaadafa59b', 4, 2026, 4851.05, 3234.03, 1212.76, 6872.32, 'PAID', '2026-04-28'),
  ('ba5c6a19-148a-49f0-893f-75993d73c878', 'b0b8ea98-acd3-4dea-aca7-ee4d8876e44e', 4, 2026, 5775.40, 3850.27, 1443.85, 8181.82, 'PAID', '2026-04-28'),
  ('78e52a77-2d04-47cf-9805-b2a78872b542', 'c23384c2-de5a-424e-b874-d4f7e0943ccb', 4, 2026, 3197.45, 2131.63, 799.36, 4529.72, 'PAID', '2026-04-28'),
  ('a17a5dbc-4b84-43d5-a753-252e350ee744', '35f1b02b-4142-493e-b3a5-040947449893', 4, 2026, 5960.85, 3973.90, 1490.21, 8444.54, 'PAID', '2026-04-28'),
  ('cb22df95-2ad9-40fb-b3bb-548e266b3f98', '20a414bf-4225-4d74-9cd8-647a2d00edb9', 4, 2026, 3387.35, 2258.23, 846.84, 4798.75, 'PAID', '2026-04-28'),
  ('d1464666-847d-44b9-90d2-91d7a1f83c16', '60e697f4-abd8-4d61-a0d2-65ea32929500', 4, 2026, 6769.90, 4513.27, 1692.47, 9590.69, 'PAID', '2026-04-28'),
  ('3aa1db8c-8e00-4470-a1f4-467a874c8164', 'e76d6d61-d264-421a-86d2-1888d6c62540', 4, 2026, 6243.50, 4162.33, 1560.88, 8844.96, 'PAID', '2026-04-28'),
  ('55ed55b2-fdde-4794-a9f3-579445e1beb0', '058dc335-2961-4c62-b941-e2baa0a306f2', 4, 2026, 5413.70, 3609.13, 1353.42, 7669.41, 'PAID', '2026-04-28'),
  ('f5deec4a-6b37-43c9-8a8d-c0c6132b6684', '713e5249-cb6a-4004-b78c-3aa37c9e338b', 4, 2026, 5251.05, 3500.70, 1312.76, 7438.99, 'PAID', '2026-04-28'),
  ('8836af8c-87b9-4724-8747-9b72f739b093', 'c4a11e02-dec4-4fa1-bb07-12f2cbb39a31', 4, 2026, 5015.55, 3343.70, 1253.89, 7105.36, 'PAID', '2026-04-28'),
  ('fada6d57-6f1c-4a78-87f5-3e16045b8b2d', '99c0fcd4-c062-4869-9b1d-d74d3c9d65ac', 4, 2026, 3239.40, 2159.60, 809.85, 4589.15, 'PAID', '2026-04-28'),
  ('b774643b-a7c4-46ce-b428-ea06f91708f9', '9b968d62-b39f-4bbd-a59a-ee1431486ec9', 4, 2026, 4345.65, 2897.10, 1086.41, 6156.34, 'PAID', '2026-04-28'),
  ('0a76be5d-fb24-45db-b1ff-24129e7cb52e', '6e7bfa11-44f9-4ac8-a2bb-a25db0630270', 4, 2026, 6736.20, 4490.80, 1684.05, 9542.95, 'PAID', '2026-04-28'),
  ('e7abc1be-c435-4e65-a66a-d7d2e30e5bab', '982d32a4-e958-4f7c-97b8-f4e4ed28ada9', 3, 2026, 4837.20, 3224.80, 1209.30, 6852.70, 'PAID', '2026-03-28'),
  ('c912d484-45d0-4801-a49d-4ff6a8b04536', '70ced3ad-ce73-438a-99ea-28b70dfc3ce4', 3, 2026, 4578.20, 3052.13, 1144.55, 6485.78, 'PAID', '2026-03-28'),
  ('358c8443-d1e9-4d91-82db-46bcbfcde3c4', '3f6f4029-9b17-4d4e-88ab-2a6618ac0432', 3, 2026, 6315.75, 4210.50, 1578.94, 8947.31, 'PAID', '2026-03-28'),
  ('2f907127-243b-40c1-b61d-cd30ed2d7342', '78bf1b01-331c-4c9a-9db1-5a83df983bd3', 3, 2026, 6777.95, 4518.63, 1694.49, 9602.10, 'PAID', '2026-03-28'),
  ('185923a6-b52d-4abc-ab5d-aa981b316cfc', '9db2b9a9-69e1-4555-bf03-9efebb336186', 3, 2026, 6367.20, 4244.80, 1591.80, 9020.20, 'PAID', '2026-03-28'),
  ('f07c4639-acc8-46b3-979a-94cd94859468', '94556954-32cb-45ce-a2e0-fe48d61728eb', 3, 2026, 5056.05, 3370.70, 1264.01, 7162.74, 'PAID', '2026-03-28'),
  ('b1128065-c900-4885-aa45-a3438ff93117', 'df1be306-2c28-4f6c-841a-fc14fd5a6a94', 3, 2026, 4271.00, 2847.33, 1067.75, 6050.58, 'PAID', '2026-03-28'),
  ('fdbe9f26-dad5-4128-8d2a-fe7b73f1909a', 'daaefa99-5e17-448e-a46f-a644059f227d', 3, 2026, 4636.95, 3091.30, 1159.24, 6569.01, 'PAID', '2026-03-28'),
  ('54ed57b9-a62d-4ad5-ba1c-83623328bae6', 'd92d698a-a88f-4eef-a0ab-1d20ceee5d5c', 3, 2026, 3195.65, 2130.43, 798.91, 4527.17, 'PAID', '2026-03-28'),
  ('e9ca9930-7a2f-4b63-921b-2c6583ffa936', '0069fb17-9f1b-4942-b537-6f1904adc8b5', 3, 2026, 4009.95, 2673.30, 1002.49, 5680.76, 'PAID', '2026-03-28'),
  ('d4d81cee-0c07-4abf-b5d0-aaa7c2c5f086', '2723534e-4b24-4e02-950f-770d0ff67e26', 3, 2026, 5548.40, 3698.93, 1387.10, 7860.23, 'PAID', '2026-03-28'),
  ('c3dc018f-1d4b-4168-87c6-19356420e8f7', 'a1ec5ee4-40c4-4fac-a4ae-beb62da8d5b6', 3, 2026, 6405.55, 4270.37, 1601.39, 9074.53, 'PAID', '2026-03-28'),
  ('b7839e9d-8b57-49eb-9fc6-20ca49548b93', '502e72b1-10f2-4767-8e6c-70255c9c1427', 3, 2026, 4050.05, 2700.03, 1012.51, 5737.57, 'PAID', '2026-03-28'),
  ('ed68dde3-b9be-4d3d-87fd-fb4d38584af8', 'e04b0f33-c3e4-4410-b70d-c3f5e91f900a', 3, 2026, 3280.95, 2187.30, 820.24, 4648.01, 'PAID', '2026-03-28'),
  ('e85eb3e5-8e00-459f-ba6b-04ebd64a9f81', '088231ab-f9bd-4792-8bce-cb79e17f998a', 3, 2026, 3374.70, 2249.80, 843.67, 4780.82, 'PAID', '2026-03-28'),
  ('7609e097-4ff4-4d5b-8efa-25074197d1df', 'efb3a18f-4c24-4990-acef-b7a0fcfc19a7', 3, 2026, 3056.95, 2037.97, 764.24, 4330.68, 'PAID', '2026-03-28'),
  ('b9763218-0b2b-40bc-9333-6b065bd520b4', 'e75b8fb7-c343-4ffd-a2d7-3d813967abe4', 3, 2026, 6501.95, 4334.63, 1625.49, 9211.10, 'PAID', '2026-03-28'),
  ('a0bb9368-a35e-4ca0-8e0f-979c3f4b0934', 'fbff69c8-9cb7-4164-97df-b2aaadafa59b', 3, 2026, 4851.05, 3234.03, 1212.76, 6872.32, 'PAID', '2026-03-28'),
  ('6d48fbef-991e-4882-b423-43be2097d657', 'b0b8ea98-acd3-4dea-aca7-ee4d8876e44e', 3, 2026, 5775.40, 3850.27, 1443.85, 8181.82, 'PAID', '2026-03-28'),
  ('6de786b4-49d0-4945-98ed-117a230dffb6', 'c23384c2-de5a-424e-b874-d4f7e0943ccb', 3, 2026, 3197.45, 2131.63, 799.36, 4529.72, 'PAID', '2026-03-28'),
  ('6eb24422-2d5c-4b79-b34e-6b112e15428f', '35f1b02b-4142-493e-b3a5-040947449893', 3, 2026, 5960.85, 3973.90, 1490.21, 8444.54, 'PAID', '2026-03-28'),
  ('ca8cde2f-96cb-431c-a257-94bcf97bd3db', '20a414bf-4225-4d74-9cd8-647a2d00edb9', 3, 2026, 3387.35, 2258.23, 846.84, 4798.75, 'PAID', '2026-03-28'),
  ('d7cc130f-54c2-4129-9050-a61389e55738', '60e697f4-abd8-4d61-a0d2-65ea32929500', 3, 2026, 6769.90, 4513.27, 1692.47, 9590.69, 'PAID', '2026-03-28'),
  ('3211a7d6-b180-422f-93fb-e6991b4e92fa', 'e76d6d61-d264-421a-86d2-1888d6c62540', 3, 2026, 6243.50, 4162.33, 1560.88, 8844.96, 'PAID', '2026-03-28'),
  ('ea5d5b87-8a29-4080-b493-a9b34640ee77', '058dc335-2961-4c62-b941-e2baa0a306f2', 3, 2026, 5413.70, 3609.13, 1353.42, 7669.41, 'PAID', '2026-03-28'),
  ('2a3768cf-f91a-4cb8-8fa8-39ae37311ff1', '713e5249-cb6a-4004-b78c-3aa37c9e338b', 3, 2026, 5251.05, 3500.70, 1312.76, 7438.99, 'PAID', '2026-03-28'),
  ('d8ac4be9-5991-4fbb-b714-e81db240b91e', 'c4a11e02-dec4-4fa1-bb07-12f2cbb39a31', 3, 2026, 5015.55, 3343.70, 1253.89, 7105.36, 'PAID', '2026-03-28'),
  ('6c441e64-fadd-49a0-be5f-2b68c8922270', '99c0fcd4-c062-4869-9b1d-d74d3c9d65ac', 3, 2026, 3239.40, 2159.60, 809.85, 4589.15, 'PAID', '2026-03-28'),
  ('2c320e34-f87e-420f-92b5-545c02ce08d0', '9b968d62-b39f-4bbd-a59a-ee1431486ec9', 3, 2026, 4345.65, 2897.10, 1086.41, 6156.34, 'PAID', '2026-03-28'),
  ('61a2f9b4-31c0-48e4-bc0f-aa08af896cf6', '6e7bfa11-44f9-4ac8-a2bb-a25db0630270', 3, 2026, 6736.20, 4490.80, 1684.05, 9542.95, 'PAID', '2026-03-28'),
  ('241b8fd1-2301-49cf-8555-85a7c08e0e45', '982d32a4-e958-4f7c-97b8-f4e4ed28ada9', 2, 2026, 4837.20, 3224.80, 1209.30, 6852.70, 'PAID', '2026-02-28'),
  ('a3d64cb5-4966-42a5-84d3-0d28375284f9', '70ced3ad-ce73-438a-99ea-28b70dfc3ce4', 2, 2026, 4578.20, 3052.13, 1144.55, 6485.78, 'PAID', '2026-02-28'),
  ('c23d39e8-a082-4a1f-82f5-90951f5d50ca', '3f6f4029-9b17-4d4e-88ab-2a6618ac0432', 2, 2026, 6315.75, 4210.50, 1578.94, 8947.31, 'PAID', '2026-02-28'),
  ('9195bfb0-e4f9-4919-8472-0ac68cde2bf0', '78bf1b01-331c-4c9a-9db1-5a83df983bd3', 2, 2026, 6777.95, 4518.63, 1694.49, 9602.10, 'PAID', '2026-02-28'),
  ('2bcb3861-eabb-46e0-8c54-e0e4cd0b2aa7', '9db2b9a9-69e1-4555-bf03-9efebb336186', 2, 2026, 6367.20, 4244.80, 1591.80, 9020.20, 'PAID', '2026-02-28'),
  ('97f16383-af5d-4fd4-9218-66c75236f3e2', '94556954-32cb-45ce-a2e0-fe48d61728eb', 2, 2026, 5056.05, 3370.70, 1264.01, 7162.74, 'PAID', '2026-02-28'),
  ('3bff9f3c-240a-47c8-ae8c-216c5c41a925', 'df1be306-2c28-4f6c-841a-fc14fd5a6a94', 2, 2026, 4271.00, 2847.33, 1067.75, 6050.58, 'PAID', '2026-02-28'),
  ('2775ddaf-fedb-46b1-96c5-164c5c3902bb', 'daaefa99-5e17-448e-a46f-a644059f227d', 2, 2026, 4636.95, 3091.30, 1159.24, 6569.01, 'PAID', '2026-02-28'),
  ('c4a5172c-5cfd-4455-b282-9e872f5271bc', 'd92d698a-a88f-4eef-a0ab-1d20ceee5d5c', 2, 2026, 3195.65, 2130.43, 798.91, 4527.17, 'PAID', '2026-02-28'),
  ('43591aa6-4c73-4001-ace4-c486faa04a4d', '0069fb17-9f1b-4942-b537-6f1904adc8b5', 2, 2026, 4009.95, 2673.30, 1002.49, 5680.76, 'PAID', '2026-02-28'),
  ('9b0db8e7-1896-455b-ab1a-bf521691c029', '2723534e-4b24-4e02-950f-770d0ff67e26', 2, 2026, 5548.40, 3698.93, 1387.10, 7860.23, 'PAID', '2026-02-28'),
  ('6c88c058-bbcf-4263-a4f3-84a7d50a749b', 'a1ec5ee4-40c4-4fac-a4ae-beb62da8d5b6', 2, 2026, 6405.55, 4270.37, 1601.39, 9074.53, 'PAID', '2026-02-28'),
  ('f7bb9c35-34a8-4e3e-bb0a-b9af063a6856', '502e72b1-10f2-4767-8e6c-70255c9c1427', 2, 2026, 4050.05, 2700.03, 1012.51, 5737.57, 'PAID', '2026-02-28'),
  ('9f99b5e8-f2b3-49b6-9125-da714a33507d', 'e04b0f33-c3e4-4410-b70d-c3f5e91f900a', 2, 2026, 3280.95, 2187.30, 820.24, 4648.01, 'PAID', '2026-02-28'),
  ('33590f44-4755-4be8-bcd1-1cc7c719cbc1', '088231ab-f9bd-4792-8bce-cb79e17f998a', 2, 2026, 3374.70, 2249.80, 843.67, 4780.82, 'PAID', '2026-02-28'),
  ('f2560780-2dec-41a8-aca6-6da5d28aa6b4', 'efb3a18f-4c24-4990-acef-b7a0fcfc19a7', 2, 2026, 3056.95, 2037.97, 764.24, 4330.68, 'PAID', '2026-02-28'),
  ('a5c9854a-1273-4527-b35a-31c18c6bf306', 'e75b8fb7-c343-4ffd-a2d7-3d813967abe4', 2, 2026, 6501.95, 4334.63, 1625.49, 9211.10, 'PAID', '2026-02-28'),
  ('dc58a318-51c9-4c33-9575-1b5aa323c451', 'fbff69c8-9cb7-4164-97df-b2aaadafa59b', 2, 2026, 4851.05, 3234.03, 1212.76, 6872.32, 'PAID', '2026-02-28'),
  ('3e1a4823-14b0-4dfb-aa00-7145867fe52f', 'b0b8ea98-acd3-4dea-aca7-ee4d8876e44e', 2, 2026, 5775.40, 3850.27, 1443.85, 8181.82, 'PAID', '2026-02-28'),
  ('97a0fb44-19eb-42b6-b2a3-32100a97e8b3', 'c23384c2-de5a-424e-b874-d4f7e0943ccb', 2, 2026, 3197.45, 2131.63, 799.36, 4529.72, 'PAID', '2026-02-28'),
  ('299f1a5d-9bec-4a86-81b5-2c132221611e', '35f1b02b-4142-493e-b3a5-040947449893', 2, 2026, 5960.85, 3973.90, 1490.21, 8444.54, 'PAID', '2026-02-28'),
  ('75da8354-66db-45b1-8a4e-62e473bf791e', '20a414bf-4225-4d74-9cd8-647a2d00edb9', 2, 2026, 3387.35, 2258.23, 846.84, 4798.75, 'PAID', '2026-02-28'),
  ('14a51e88-29e8-46d1-b680-810119f66d53', '60e697f4-abd8-4d61-a0d2-65ea32929500', 2, 2026, 6769.90, 4513.27, 1692.47, 9590.69, 'PAID', '2026-02-28'),
  ('9c316b55-3769-40c9-b832-a97d75337c7d', 'e76d6d61-d264-421a-86d2-1888d6c62540', 2, 2026, 6243.50, 4162.33, 1560.88, 8844.96, 'PAID', '2026-02-28'),
  ('ca9359c4-f9b9-4e7a-b94f-85ef7d4bc467', '058dc335-2961-4c62-b941-e2baa0a306f2', 2, 2026, 5413.70, 3609.13, 1353.42, 7669.41, 'PAID', '2026-02-28'),
  ('e83b1094-12c5-4673-a7c7-9c25192e4918', '713e5249-cb6a-4004-b78c-3aa37c9e338b', 2, 2026, 5251.05, 3500.70, 1312.76, 7438.99, 'PAID', '2026-02-28'),
  ('59fad1c5-c9ca-48f1-9d75-08cddb02e5e9', 'c4a11e02-dec4-4fa1-bb07-12f2cbb39a31', 2, 2026, 5015.55, 3343.70, 1253.89, 7105.36, 'PAID', '2026-02-28'),
  ('ef5143b2-e5e4-49a1-aeb1-dd41fca0d3e4', '99c0fcd4-c062-4869-9b1d-d74d3c9d65ac', 2, 2026, 3239.40, 2159.60, 809.85, 4589.15, 'PAID', '2026-02-28'),
  ('039f023b-c236-44ec-83de-bca331375728', '9b968d62-b39f-4bbd-a59a-ee1431486ec9', 2, 2026, 4345.65, 2897.10, 1086.41, 6156.34, 'PAID', '2026-02-28'),
  ('0f5ee8b1-7677-4455-9a0c-62a5ba2ca8f8', '6e7bfa11-44f9-4ac8-a2bb-a25db0630270', 2, 2026, 6736.20, 4490.80, 1684.05, 9542.95, 'PAID', '2026-02-28');



-- Recruitment Jobs
INSERT INTO job_postings (id, title, department_id, location, status, created_at, updated_at)
VALUES
  ('adc18e81-b04a-4d00-9daa-5ac851aa742b', 'Senior Data Scientist', 'd1000001-0000-0000-0000-000000000001', 'Remote', 'OPEN', NOW() - INTERVAL '10 days', NOW() - INTERVAL '10 days'),
  ('9696939a-3188-4d20-b40b-5404abe57d9b', 'Product Marketing Manager', 'd1000001-0000-0000-0000-000000000004', 'New York, NY', 'OPEN', NOW() - INTERVAL '5 days', NOW() - INTERVAL '5 days'),
  ('26afdb34-b82f-41eb-ada8-080ed283fc89', 'HR Coordinator', 'd1000001-0000-0000-0000-000000000002', 'Chicago, IL', 'OPEN', NOW() - INTERVAL '2 days', NOW() - INTERVAL '2 days');

-- Recruitment Candidates
INSERT INTO candidates (id, first_name, last_name, email, phone, created_at, updated_at)
VALUES
  ('8d5b5a94-d805-4916-bd50-eedbaad61863', 'Alice', 'Chen', 'alice.c@example.com', '555-0199', NOW() - INTERVAL '8 days', NOW()),
  ('d7d2617b-e2ec-4e18-9d2d-7b8c0ac3a5b6', 'Bob', 'Smith', 'bob.smith@example.com', '555-0188', NOW() - INTERVAL '7 days', NOW()),
  ('32f1e988-48e6-4531-9171-80fde25cb992', 'Charlie', 'Day', 'c.day@example.com', '555-0177', NOW() - INTERVAL '14 days', NOW()),
  ('548e454b-f835-4be2-939c-267613cdd7ac', 'Diana', 'Prince', 'diana.p@example.com', '555-0166', NOW() - INTERVAL '12 days', NOW()),
  ('d5ca2693-4351-448f-b460-c0488579987c', 'Evan', 'Wright', 'evan.w@example.com', '555-0155', NOW() - INTERVAL '1 days', NOW());

-- Job Applications
INSERT INTO job_applications (candidate_id, job_posting_id, status, created_at, updated_at)
VALUES
  ('8d5b5a94-d805-4916-bd50-eedbaad61863', 'adc18e81-b04a-4d00-9daa-5ac851aa742b', 'INTERVIEWING', NOW() - INTERVAL '8 days', NOW()),
  ('d7d2617b-e2ec-4e18-9d2d-7b8c0ac3a5b6', 'adc18e81-b04a-4d00-9daa-5ac851aa742b', 'SCREENING', NOW() - INTERVAL '7 days', NOW()),
  ('32f1e988-48e6-4531-9171-80fde25cb992', '9696939a-3188-4d20-b40b-5404abe57d9b', 'OFFERED', NOW() - INTERVAL '14 days', NOW()),
  ('548e454b-f835-4be2-939c-267613cdd7ac', '9696939a-3188-4d20-b40b-5404abe57d9b', 'REJECTED', NOW() - INTERVAL '12 days', NOW()),
  ('d5ca2693-4351-448f-b460-c0488579987c', '26afdb34-b82f-41eb-ada8-080ed283fc89', 'NEW', NOW() - INTERVAL '1 days', NOW());

-- Documents
INSERT INTO documents (id, title, file_url, file_type, file_size, category, owner_id, uploaded_by, status, created_at, updated_at)
VALUES
  ('547456fa-bf57-4b78-a9de-ca8e8bf28429', 'Offer Letter - Barbara', 'dummy-offer-0.pdf', 'application/pdf', 102400, 'Contracts', '982d32a4-e958-4f7c-97b8-f4e4ed28ada9', '56c1d68d-3736-4da6-81e4-c4131c2fbc56', 'ACTIVE', NOW() - INTERVAL '100 days', NOW() - INTERVAL '100 days'),
  ('ace1bd6e-420d-45b6-8bb1-794bcaee0f30', 'Offer Letter - David', 'dummy-offer-1.pdf', 'application/pdf', 102400, 'Contracts', '70ced3ad-ce73-438a-99ea-28b70dfc3ce4', '26727353-4a92-4e24-aabd-380898ea1c75', 'ACTIVE', NOW() - INTERVAL '100 days', NOW() - INTERVAL '100 days'),
  ('e00d3807-3d8a-4241-849f-022687015cf0', 'Offer Letter - Joseph', 'dummy-offer-2.pdf', 'application/pdf', 102400, 'Contracts', '3f6f4029-9b17-4d4e-88ab-2a6618ac0432', '0b1bf502-f96a-4e07-a215-7315b3d839e6', 'ACTIVE', NOW() - INTERVAL '100 days', NOW() - INTERVAL '100 days'),
  ('ef4c3093-421a-4e2c-97dc-c810fd157b48', 'Offer Letter - Patricia', 'dummy-offer-3.pdf', 'application/pdf', 102400, 'Contracts', '78bf1b01-331c-4c9a-9db1-5a83df983bd3', '7580c43f-4b08-4f8f-af21-e882a379f40f', 'ACTIVE', NOW() - INTERVAL '100 days', NOW() - INTERVAL '100 days'),
  ('08eccc60-a142-418c-8e39-5db2fe858265', 'Offer Letter - Patricia', 'dummy-offer-4.pdf', 'application/pdf', 102400, 'Contracts', '9db2b9a9-69e1-4555-bf03-9efebb336186', '550e3219-bf16-4f47-9c89-fc9ae511d7cf', 'ACTIVE', NOW() - INTERVAL '100 days', NOW() - INTERVAL '100 days');

